<?xml version="1.0" encoding="UTF-8"?>
<widget xmlns="http://www.w3.org/ns/widgets" xmlns:cdv="http://cordova.apache.org/ns/1.0" xmlns:android="http://schemas.android.com/apk/res/android" id="[INJECTED_BY_GULPFILE]" version="[INJECTED_BY_GULPFILE]">
    <name>[INJECTED_BY_GULPFILE]</name>
    <description>[INJECTED_BY_GULPFILE]</description>
    <author href="https://betaflight.com">[INJECTED_BY_GULPFILE]</author>
    <content src="main_cordova.html"/>
    <access origin="*"/>
    <allow-intent href="http://*/*"/>
    <allow-intent href="https://*/*"/>
    <allow-intent href="tcp://*/*"/>
    <allow-intent href="tel:*"/>
    <allow-intent href="sms:*"/>
    <allow-intent href="mailto:*"/>
    <allow-intent href="geo:*"/>
    <preference name="Orientation" value="default"/>
    <preference name="ShowSplashScreenSpinner" value="false"/>
    <preference name="AutoHideSplashScreen" value="false"/>
    <platform name="android">
        <allow-intent href="market:*"/>
        <icon src="resources/android/icon/drawable-ldpi-icon.png" density="ldpi"/>
        <icon src="resources/android/icon/drawable-mdpi-icon.png" density="mdpi"/>
        <icon src="resources/android/icon/drawable-hdpi-icon.png" density="hdpi"/>
        <icon src="resources/android/icon/drawable-xhdpi-icon.png" density="xhdpi"/>
        <icon src="resources/android/icon/drawable-xxhdpi-icon.png" density="xxhdpi"/>
        <icon src="resources/android/icon/drawable-xxxhdpi-icon.png" density="xxxhdpi"/>
        <splash src="resources/android/splash/drawable-land-hdpi-screen.png" density="land-hdpi"/>
        <splash src="resources/android/splash/drawable-land-ldpi-screen.png" density="land-ldpi"/>
        <splash src="resources/android/splash/drawable-land-mdpi-screen.png" density="land-mdpi"/>
        <splash src="resources/android/splash/drawable-land-xhdpi-screen.png" density="land-xhdpi"/>
        <splash src="resources/android/splash/drawable-land-xxhdpi-screen.png" density="land-xxhdpi"/>
        <splash src="resources/android/splash/drawable-land-xxxhdpi-screen.png" density="land-xxxhdpi"/>
        <splash src="resources/android/splash/drawable-port-hdpi-screen.png" density="port-hdpi"/>
        <splash src="resources/android/splash/drawable-port-ldpi-screen.png" density="port-ldpi"/>
        <splash src="resources/android/splash/drawable-port-mdpi-screen.png" density="port-mdpi"/>
        <splash src="resources/android/splash/drawable-port-xhdpi-screen.png" density="port-xhdpi"/>
        <splash src="resources/android/splash/drawable-port-xxhdpi-screen.png" density="port-xxhdpi"/>
        <splash src="resources/android/splash/drawable-port-xxxhdpi-screen.png" density="port-xxxhdpi"/>
        <preference name="SplashMaintainAspectRatio" value="true"/>
        <preference name="SplashShowOnlyFirstTime" value="true"/>
        <preference name="android-minSdkVersion" value="19"/>
        <preference name="android-targetSdkVersion" value="30" />
        <config-file parent="/manifest/application/activity" target="AndroidManifest.xml">
            <intent-filter>
                <action android:name="android.hardware.usb.action.USB_DEVICE_ATTACHED"/>
            </intent-filter>
            <meta-data android:name="android.hardware.usb.action.USB_DEVICE_ATTACHED" android:resource="@xml/usb_device_filter"/>
        </config-file>
        <resource-file src="usb_device_filter.xml" target="app/src/main/res/xml/usb_device_filter.xml"/>
        <resource-file src="manifest.json" target="app/src/main/assets/www/manifest.json"/>
        <edit-config file="app/src/main/AndroidManifest.xml" mode="merge" target="/manifest/application">
            <application android:usesCleartextTraffic="true" />
        </edit-config>
    </platform>
    <platform name="ios">
        <allow-intent href="itms:*"/>
        <allow-intent href="itms-apps:*"/>
    </platform>
</widget>
